processType,word,mean_abs,mean_signed,n_docs
AUTO_EC,판단하라.[카테고리]EC[제목]주담대,2.0859375,-2.0859375,1
AUTO_EC,첫마을,1.23876953125,1.23876953125,1
AUTO_EC,"판단하라.[카테고리]EC[제목]공정위,",1.1298828125,1.1298828125,1
AUTO_EC,허위제출”[본문]▲,1.0419921875,1.0419921875,1
AUTO_EC,"월드,",0.97216796875,0.97216796875,1
AUTO_EC,최대0.03%p,0.81201171875,0.81201171875,1
AUTO_EC,"판단하라.[카테고리]EC[제목]BNK금융그룹,",0.7376708984375,0.7376708984375,1
AUTO_EC,‘그린킥오프’[본문]하나은행은,0.70672607421875,0.70672607421875,1
AUTO_EC,‘가이드봇’,0.6820068359375,0.6820068359375,1
AUTO_EC,고발…“대기업집단,0.666259765625,0.666259765625,1
AUTO_EC,中알리바바와,0.64501953125,0.64501953125,1
AUTO_EC,롯데호텔,0.640625,0.640625,1
AUTO_EC,수출기업,0.6181640625,0.6181640625,1
AUTO_EC,"\""인중합체의",0.614501953125,0.614501953125,1
AUTO_EC,"우리금융타운역입니다\""",0.609893798828125,0.609893798828125,1
AUTO_EC,부울경,0.599609375,0.599609375,1
AUTO_EC,변동금리,0.544921875,-0.544921875,1
AUTO_EC,챌린지',0.5439453125,0.5439453125,1
AUTO_EC,"보',",0.529296875,-0.529296875,1
AUTO_EC,판단하라.[카테고리]EC[제목]獨서,0.520751953125,0.520751953125,1
AUTO_EC,호반건설,0.5107421875,0.5107421875,1
AUTO_EC,허용할까[본문]지난해,0.5009765625,0.5009765625,1
AUTO_EC,'동남권,0.48486328125,0.48486328125,1
AUTO_EC,추가,0.462890625,-0.462890625,1
AUTO_EC,"명동역,",0.4375,-0.4375,1
AUTO_EC,'탄탄크림,0.429443359375,-0.429443359375,1
AUTO_EC,유명인과,0.42724609375,-0.42724609375,1
AUTO_EC,올려…낮추길,0.42557525634765625,-0.42557525634765625,1
AUTO_EC,드라마에,0.41796875,0.41796875,1
AUTO_EC,인하,0.416015625,-0.416015625,1
AUTO_EC,판단하라.[카테고리]EC[제목]올리브영,0.40625,-0.40625,1
AUTO_EC,"살리겠다\""[본문]문재인",0.40545082092285156,-0.40545082092285156,1
AUTO_EC,판단하라.[카테고리]EC[제목]IBK기업은행,0.397705078125,0.397705078125,1
AUTO_EC,기록[본문]세종시1-5생할권,0.390167236328125,0.390167236328125,1
AUTO_EC,연간1000명,0.38720703125,0.38720703125,1
AUTO_EC,‘오늘을,0.378662109375,0.378662109375,1
AUTO_EC,대전시민,0.369140625,0.369140625,1
AUTO_EC,"판단하라.[카테고리]EC[제목]풀무원,",0.365234375,-0.365234375,1
AUTO_EC,활용…건보공단,0.3651123046875,0.3651123046875,1
AUTO_EC,포럼',0.334716796875,0.334716796875,1
AUTO_EC,K리그와,0.3345947265625,0.3345947265625,1
AUTO_EC,개편에,0.3330078125,0.3330078125,1
AUTO_EC,"큐셀,",0.3306884765625,-0.3306884765625,1
AUTO_EC,'이커머스,0.322021484375,-0.322021484375,1
AUTO_EC,‘위키드와이프’와,0.319091796875,-0.319091796875,1
AUTO_EC,도입[본문]롯데호텔,0.3115234375,0.3115234375,1
AUTO_EC,"지원\""[본문]하나은행이",0.3077239990234375,0.3077239990234375,1
AUTO_EC,더하기,0.3046875,-0.3046875,1
AUTO_EC,송중기와,0.2960205078125,0.2960205078125,1
AUTO_EC,계약[본문]한화솔루션,0.294921875,0.294921875,1
AUTO_ET,넷[본문]대한민국,1.9775390625,-1.9775390625,1
AUTO_ET,판단하라.[카테고리]ET[제목]윤은혜,1.919921875,-1.919921875,1
AUTO_ET,판단하라.[카테고리]ET[제목]정형돈,1.62890625,1.62890625,1
AUTO_ET,'찰칵'[본문]'치인트'에,1.220703125,1.220703125,1
AUTO_ET,판단하라.[카테고리]ET[제목]'K팝스타5',1.130126953125,-1.130126953125,1
AUTO_ET,스트레스'에,0.9814453125,-0.9814453125,1
AUTO_ET,러브스토리→신혼,0.896484375,-0.896484375,1
AUTO_ET,'울컥'[본문]‘자이언티,0.8878173828125,0.8878173828125,1
AUTO_ET,하차의사,0.865234375,0.865234375,1
AUTO_ET,"판단하라.[카테고리]ET[제목]이무진,8월",0.8624267578125,0.8624267578125,1
AUTO_ET,떠난,0.7265625,-0.7265625,1
AUTO_ET,이석증,0.708984375,-0.708984375,1
AUTO_ET,"판단하라.[카테고리]ET[제목]손담비♥이규혁,",0.650634765625,0.650634765625,1
AUTO_ET,판단하라.[카테고리]ET[제목]‘히든싱어4’,0.624267578125,0.624267578125,1
AUTO_ET,"판단하라.[카테고리]ET[제목]이병헌,",0.576171875,0.576171875,1
AUTO_ET,‘동상이몽2’,0.5684814453125,0.5684814453125,1
AUTO_ET,판단하라.[카테고리]ET[제목]유승준,0.525146484375,0.525146484375,1
AUTO_ET,스토커,0.4670867919921875,-0.4670867919921875,1
AUTO_ET,"보내는거지…\""",0.456298828125,0.456298828125,1
AUTO_ET,판단하라.[카테고리]ET[제목]'치인트',0.453125,0.453125,1
AUTO_ET,판단하라.[카테고리]ET[제목]파격,0.451171875,-0.451171875,1
AUTO_ET,판단하라.[카테고리]ET[제목]최시원·최강창민,0.441650390625,0.441650390625,1
AUTO_ET,앓고,0.427734375,-0.427734375,1
AUTO_ET,멋지다…신민아는,0.4267578125,0.4267578125,1
AUTO_ET,관전포인트,0.42333984375,-0.42333984375,1
AUTO_ET,공개[본문]예비부부,0.41650390625,0.41650390625,1
AUTO_ET,김고은과,0.412841796875,0.412841796875,1
AUTO_ET,중국어,0.380859375,0.380859375,1
AUTO_ET,출격[본문]2AM의,0.3770751953125,0.3770751953125,1
AUTO_ET,모습마저,0.3701171875,0.3701171875,1
AUTO_ET,"접근[종합][본문]강지영,",0.35205078125,0.35205078125,1
AUTO_ET,"\""대중의",0.35205078125,-0.35205078125,1
AUTO_ET,"판단하라.[카테고리]ET[제목]NS윤지,",0.33984375,0.33984375,1
AUTO_ET,기부,0.32421875,-0.32421875,1
AUTO_ET,"불안장애,",0.314453125,0.314453125,1
AUTO_ET,중,0.314453125,0.314453125,1
AUTO_ET,판단하라.[카테고리]ET[제목]‘기상청,0.3126220703125,0.3126220703125,1
AUTO_ET,판단하라.[카테고리]ET[제목]‘옷소매’2막,0.307861328125,-0.307861328125,1
AUTO_ET,"논란,원작자",0.297607421875,-0.297607421875,1
AUTO_ET,"최고\""[본문]'유제이'",0.294921875,-0.294921875,1
AUTO_ET,해석해보니…[본문]윤은혜,0.29388427734375,-0.29388427734375,1
AUTO_ET,‘안녕이란,0.29388427734375,0.29388427734375,1
AUTO_ET,"\""'응답하라1988'",0.29010009765625,0.29010009765625,1
AUTO_ET,웃음꽃[본문]배우,0.28759765625,0.28759765625,1
AUTO_ET,"소이현,",0.286865234375,0.286865234375,1
AUTO_ET,플리마켓,0.27001953125,-0.27001953125,1
AUTO_ET,못,0.267578125,0.267578125,1
AUTO_ET,미국으로,0.267578125,-0.267578125,1
AUTO_ET,"SNS,",0.26513671875,0.26513671875,1
AUTO_ET,작사”[본문]배우,0.261474609375,-0.261474609375,1
AUTO_GB,판단하라.[카테고리]GB[제목][원유마감]WTI0.4%↓…월간27%,1.508270263671875,1.508270263671875,1
AUTO_GB,'혐오범죄'로,1.44482421875,1.44482421875,1
AUTO_GB,전화위복…주방,1.327880859375,1.327880859375,1
AUTO_GB,한양도성,1.1962890625,-1.1962890625,1
AUTO_GB,아시아,1.1640625,1.1640625,1
AUTO_GB,美남성,1.00634765625,1.00634765625,1
AUTO_GB,판단하라.[카테고리]GB[제목]이스라엘-팔레스타인,0.894287109375,0.894287109375,1
AUTO_GB,멕시코서,0.8515625,0.8515625,1
AUTO_GB,‘12억짜리,0.84765625,0.84765625,1
AUTO_GB,“구한말,0.8037109375,-0.8037109375,1
AUTO_GB,'자이언트,0.7197265625,0.7197265625,1
AUTO_GB,선언20년…세계의,0.7147216796875,-0.7147216796875,1
AUTO_GB,출몰한,0.6826171875,-0.6826171875,1
AUTO_GB,여성,0.63671875,0.63671875,1
AUTO_GB,아저씨…알고보니,0.59625244140625,-0.59625244140625,1
AUTO_GB,행운’으로,0.58544921875,0.58544921875,1
AUTO_GB,무위…中,0.57958984375,-0.57958984375,1
AUTO_GB,막는다[본문]미국이,0.564208984375,0.564208984375,1
AUTO_GB,사임…月2~3회,0.554931640625,-0.554931640625,1
AUTO_GB,듯…뉴저지도,0.544403076171875,-0.544403076171875,1
AUTO_GB,당첨,0.5390625,-0.5390625,1
AUTO_GB,미얀마,0.53515625,-0.53515625,1
AUTO_GB,알리바바9.8%,0.52734375,0.52734375,1
AUTO_GB,겨누나…,0.5198974609375,0.5198974609375,1
AUTO_GB,시신으로,0.515625,-0.515625,1
AUTO_GB,도쿄고검장,0.50830078125,-0.50830078125,1
AUTO_GB,생각하십니까][본문]미국,0.50640869140625,-0.50640869140625,1
AUTO_GB,북미,0.5,0.5,1
AUTO_GB,군국주의,0.46630859375,-0.46630859375,1
AUTO_GB,논란,0.451171875,-0.451171875,1
AUTO_GB,판단하라.[카테고리]GB[제목]우한,0.443359375,0.443359375,1
AUTO_GB,판단하라.[카테고리]GB[제목]연준,0.431640625,0.431640625,1
AUTO_GB,상습도박[본문]‘코로나19,0.43115234375,0.43115234375,1
AUTO_GB,승리할,0.427734375,0.427734375,1
AUTO_GB,"예상\""[본문]24일(현지시간)",0.427734375,0.427734375,1
AUTO_GB,증가[본문]신종,0.4208984375,0.4208984375,1
AUTO_GB,제거된,0.3984375,0.3984375,1
AUTO_GB,"시인…\""저항",0.3907470703125,-0.3907470703125,1
AUTO_GB,“가미카제는,0.3779296875,-0.3779296875,1
AUTO_GB,결정,0.373046875,0.373046875,1
AUTO_GB,집어든,0.3564453125,-0.3564453125,1
AUTO_GB,기소[본문]남아프리카에서,0.3544921875,0.3544921875,1
AUTO_GB,��칭��,0.3494873046875,-0.3494873046875,1
AUTO_GB,코로나,0.33251953125,-0.2547200520833333,3
AUTO_GB,합리적·효과적”,0.32366943359375,0.32366943359375,1
AUTO_GB,동안7명,0.323577880859375,0.323577880859375,1
AUTO_GB,부심[본문]우크라이나에,0.32080078125,0.32080078125,1
AUTO_GB,"모델,",0.315673828125,0.315673828125,1
AUTO_GB,상징”[본문]사이버,0.3076171875,-0.3076171875,1
AUTO_GB,논의”[본문]도널드,0.3072509765625,0.3072509765625,1
AUTO_IS,칼레니우스,1.1904296875,1.1904296875,1
AUTO_IS,"생산하겠다\""[본문]올라",1.088623046875,1.088623046875,1
AUTO_IS,"판단하라.[카테고리]IS[제목]한국스마트이모빌리티협회,",1.0850830078125,1.0850830078125,1
AUTO_IS,"선언...\""멜론",0.98876953125,0.98876953125,1
AUTO_IS,"'H아트랩',2022년",0.9775390625,-0.9775390625,1
AUTO_IS,전자+화학+V2X3콤보로,0.9271316528320312,-0.9271316528320312,1
AUTO_IS,"판단하라.[카테고리]IS[제목]LGU+,",0.88916015625,0.88916015625,1
AUTO_IS,판단하라.[카테고리]IS[제목]파수닷컴,0.8853759765625,0.8853759765625,1
AUTO_IS,금융권,0.87890625,-0.87890625,1
AUTO_IS,순식간에,0.84375,-0.84375,1
AUTO_IS,"판단하라.[카테고리]IS[제목]라잇텍,",0.783935546875,-0.783935546875,1
AUTO_IS,"강화,",0.68310546875,0.68310546875,1
AUTO_IS,동났다[본문]인공지능(AI)이,0.6383056640625,-0.6383056640625,1
AUTO_IS,"NFT200점,",0.632568359375,-0.632568359375,1
AUTO_IS,판단하라.[카테고리]IS[제목]'엄마로봇'이,0.6279296875,-0.6279296875,1
AUTO_IS,패러다임,0.62109375,0.62109375,1
AUTO_IS,판단하라.[카테고리]IS[제목]'랜선',0.58984375,-0.58984375,1
AUTO_IS,사명,0.5703125,-0.5703125,1
AUTO_IS,"\""전문연구요원",0.55908203125,0.55908203125,1
AUTO_IS,제시…,0.533203125,-0.533203125,1
AUTO_IS,"도약\""[본문]파수닷컴이",0.53125,0.53125,1
AUTO_IS,한국전자인증,0.5216064453125,0.5216064453125,1
AUTO_IS,UX,0.5078125,-0.5078125,1
AUTO_IS,'농부로봇'이,0.507568359375,-0.507568359375,1
AUTO_IS,"\""파수로",0.5048828125,0.5048828125,1
AUTO_IS,렌털기기,0.489990234375,0.489990234375,1
AUTO_IS,'제주들불축제',0.4896240234375,-0.4896240234375,1
AUTO_IS,"세계1위\""[본문]4K",0.487762451171875,-0.487762451171875,1
AUTO_IS,변경…글로벌,0.45263671875,0.45263671875,1
AUTO_IS,“분과회,0.45062255859375,0.45062255859375,1
AUTO_IS,태양전지,0.435546875,0.435546875,1
AUTO_IS,"한국기업데이터,",0.38507080078125,0.38507080078125,1
AUTO_IS,"판단하라.[카테고리]IS[제목]시만텍,",0.3836669921875,-0.3836669921875,1
AUTO_IS,"판단하라.[카테고리]IS[제목]SKT,",0.365234375,-0.365234375,1
AUTO_IS,차량,0.345703125,-0.345703125,1
AUTO_IS,'근태관리,0.3421630859375,0.3421630859375,1
AUTO_IS,판단하라.[카테고리]IS[제목]구글·시스코,0.310089111328125,0.310089111328125,1
AUTO_IS,한국화,0.306640625,0.306640625,1
AUTO_IS,대항[본문]시스코와,0.29052734375,0.29052734375,1
AUTO_IS,개발[본문]국내,0.2861328125,0.2861328125,1
AUTO_IS,성매개감염병,0.28497314453125,-0.28497314453125,1
AUTO_IS,협력'…아마존에,0.28485107421875,0.28485107421875,1
AUTO_IS,'집닥,0.2847900390625,0.2847900390625,1
AUTO_IS,주목[본문]롯데그룹,0.27734375,-0.27734375,1
AUTO_IS,공유서비스,0.2724609375,-0.2724609375,1
AUTO_IS,채용[본문]LG유플러스는,0.26904296875,-0.26904296875,1
AUTO_IS,"판단하라.[카테고리]IS[제목]집닥,",0.26806640625,0.26806640625,1
AUTO_IS,만들어야”[본문]5월,0.2679443359375,-0.2679443359375,1
AUTO_IS,"판단하라.[카테고리]IS[제목]뷰노,",0.26611328125,0.26611328125,1
AUTO_IS,"돼\""[본문]최기영",0.26226806640625,0.26226806640625,1
AUTO_LC,판단하라.[카테고리]LC[제목]갱년기에,4.5810546875,-4.5810546875,1
AUTO_LC,불똥[본문]제약업계가,1.62518310546875,-1.62518310546875,1
AUTO_LC,달에55만원…영화,1.380859375,1.380859375,1
AUTO_LC,한의사,1.1806640625,1.1806640625,1
AUTO_LC,판단하라.[카테고리]LC[제목]오십견에,0.89404296875,0.89404296875,1
AUTO_LC,판단하라.[카테고리]LC[제목]올해는,0.8828125,0.8828125,1
AUTO_LC,판단하라.[카테고리]LC[제목]위스키를,0.87548828125,0.87548828125,1
AUTO_LC,판단하라.[카테고리]LC[제목]히알루론산도,0.8037109375,-0.8037109375,1
AUTO_LC,‘장원급제’,0.78857421875,0.78857421875,1
AUTO_LC,무면허로,0.78466796875,0.78466796875,1
AUTO_LC,판단하라.[카테고리]LC[제목]신간『헬스케어,0.72412109375,0.72412109375,1
AUTO_LC,좋다던,0.7109375,-0.7109375,1
AUTO_LC,구우면,0.7109375,-0.7109375,1
AUTO_LC,판단하라.[카테고리]LC[제목][단독],0.698974609375,0.698974609375,1
AUTO_LC,‘동강사진제’[본문]어수선했다.세찬,0.66693115234375,-0.66693115234375,1
AUTO_LC,『치매,0.6650390625,-0.6650390625,1
AUTO_LC,제한[본문]보건당국이,0.642578125,0.642578125,1
AUTO_LC,"체조,",0.6298828125,0.6298828125,1
AUTO_LC,거북이는,0.580078125,0.580078125,1
AUTO_LC,활짝,0.57421875,0.57421875,1
AUTO_LC,시네마,0.53125,0.53125,1
AUTO_LC,고혈압약,0.5009765625,0.5009765625,1
AUTO_LC,요리에,0.482421875,-0.482421875,1
AUTO_LC,나오려나[본문]우리나라에,0.46221923828125,0.46221923828125,1
AUTO_LC,제약업계,0.42578125,-0.42578125,1
AUTO_LC,소설,0.41796875,-0.41796875,1
AUTO_LC,청소년만을,0.3955078125,-0.3955078125,1
AUTO_LC,수유6개월이,0.37353515625,-0.37353515625,1
AUTO_LC,판단하라.[카테고리]LC[제목]‘마우스’,0.373046875,-0.373046875,1
AUTO_LC,판단하라.[카테고리]LC[제목]보건당국,0.3719482421875,0.3719482421875,1
AUTO_LC,후]6회[본문]쌈,0.370849609375,-0.370849609375,1
AUTO_LC,본방사수[본문]불평등·불안정성…‘위기의,0.3692626953125,-0.3692626953125,1
AUTO_LC,판단하라.[카테고리]LC[제목]모유,0.359375,-0.359375,1
AUTO_LC,"엄마,",0.35595703125,-0.35595703125,1
AUTO_LC,판단하라.[카테고리]LC[제목]가을,0.337890625,0.337890625,1
AUTO_LC,이노베이션-이미,0.325103759765625,0.325103759765625,1
AUTO_LC,되어’[본문]다음달1~2일,0.318603515625,0.318603515625,1
AUTO_LC,천정하,0.31201171875,-0.31201171875,1
AUTO_LC,판단하라.[카테고리]LC[제목]한유한·정율성이,0.3045654296875,0.3045654296875,1
AUTO_LC,치국,0.3017578125,0.3017578125,1
AUTO_LC,판단하라.[카테고리]LC[제목][최진영,0.28369140625,0.28369140625,1
AUTO_LC,판단하라.[카테고리]LC[제목]낮은,0.28125,-0.28125,1
AUTO_LC,판화,0.27978515625,0.27978515625,1
AUTO_LC,알았는데…결과는,0.27520751953125,-0.27520751953125,1
AUTO_LC,‘품행장애’,0.27407073974609375,-0.27407073974609375,1
AUTO_LC,가족],0.2568359375,0.2568359375,1
AUTO_LC,서당서,0.2451171875,0.2451171875,1
AUTO_LC,‘두피건선’[본문]학원,0.2401123046875,-0.2401123046875,1
AUTO_LC,미래』[본문]헬스케어,0.23575973510742188,0.23575973510742188,1
AUTO_LC,의료시술이라던,0.2353515625,0.2353515625,1
AUTO_PO,하차[본문]더불어민주당의,1.92333984375,1.92333984375,1
AUTO_PO,“시아버지가,1.625,-1.625,1
AUTO_PO,것”[본문]원희룡,1.22265625,1.22265625,1
AUTO_PO,"전략폭격기2대,",0.93701171875,0.93701171875,1
AUTO_PO,특별검역,0.85400390625,-0.85400390625,1
AUTO_PO,'출마',0.820556640625,0.820556640625,1
AUTO_PO,재난지원금'…김,0.814453125,0.814453125,1
AUTO_PO,"방식,",0.7099609375,0.7099609375,1
AUTO_PO,판단하라.[카테고리]PO[제목]'대구청도,0.6962890625,0.6962890625,1
AUTO_PO,"판단하라.[카테고리]PO[제목]김진태,",0.6787109375,-0.6787109375,1
AUTO_PO,코로나19,0.677734375,-0.677734375,1
AUTO_PO,엉터리”[본문]더불어민주당이31일,0.6708984375,0.6708984375,1
AUTO_PO,봉쇄'에,0.6689453125,-0.6689453125,1
AUTO_PO,판단하라.[카테고리]PO[제목]靑,0.62890625,0.62890625,1
AUTO_PO,문대통령,0.628173828125,-0.628173828125,1
AUTO_PO,'호적등본',0.59326171875,-0.59326171875,1
AUTO_PO,이유[본문]코로나19,0.578125,0.578125,1
AUTO_PO,��양향자,0.55322265625,-0.55322265625,1
AUTO_PO,해명한,0.5517578125,0.5517578125,1
AUTO_PO,자식집에,0.55078125,-0.55078125,1
AUTO_PO,"태반주사,",0.5330810546875,-0.5330810546875,1
AUTO_PO,부엌살림,0.51953125,-0.51953125,1
AUTO_PO,"\""정치권,",0.514892578125,0.514892578125,1
AUTO_PO,‘경력위조’,0.49365234375,0.49365234375,1
AUTO_PO,"부부,25일",0.48974609375,-0.48974609375,1
AUTO_PO,판단하라.[카테고리]PO[제목]전,0.484375,-0.484375,1
AUTO_PO,'입당',0.48046875,0.48046875,1
AUTO_PO,첫날…공항,0.473388671875,-0.473388671875,1
AUTO_PO,관련,0.462890625,-0.462890625,1
AUTO_PO,“유증상자,0.42333984375,-0.42333984375,1
AUTO_PO,판단하라.[카테고리]PO[제목]‘인생극장,0.4228515625,0.4228515625,1
AUTO_PO,열리고,0.419921875,0.419921875,1
AUTO_PO,상공서9시간,0.41748046875,0.41748046875,1
AUTO_PO,입국”[본문]국민의당,0.41668701171875,0.41668701171875,1
AUTO_PO,"고민해달라\""[본문]한덕수",0.3973388671875,0.3973388671875,1
AUTO_PO,분가한,0.392578125,-0.392578125,1
AUTO_PO,자산”[본문]이재명,0.390869140625,0.390869140625,1
AUTO_PO,요구[본문]김진태,0.3828125,0.3828125,1
AUTO_PO,판단하라.[카테고리]PO[제목]CJ택배기사,0.37060546875,0.37060546875,1
AUTO_PO,실명,0.361328125,0.361328125,1
AUTO_PO,대필,0.361328125,0.361328125,1
AUTO_PO,"\""여력없다\""[본문]이재명",0.347900390625,0.347900390625,1
AUTO_PO,판단하라.[카테고리]PO[제목]러시아,0.33984375,0.33984375,1
AUTO_PO,판단하라.[카테고리]PO[제목]이재명,0.318359375,0.318359375,3
AUTO_PO,나중에,0.314453125,-0.314453125,1
AUTO_PO,취소”[본문]지난8일,0.312835693359375,0.312835693359375,1
AUTO_PO,백신4차,0.3037109375,0.3037109375,1
AUTO_PO,“50조,0.297607421875,-0.297607421875,1
AUTO_PO,판단하라.[카테고리]PO[제목]文대통령,0.296875,0.296875,1
AUTO_PO,발행은,0.2880859375,0.2880859375,1
AUTO_SO,법조팀장이,2.8359375,-2.8359375,1
AUTO_SO,알차게...'숏캉스'가,2.5654296875,-2.5654296875,1
AUTO_SO,CJ로,2.546875,-2.546875,1
AUTO_SO,건보료…자영업자,1.9306640625,-1.9306640625,1
AUTO_SO,“시설환경에,1.37353515625,1.37353515625,1
AUTO_SO,걸렸네'…4명,1.306640625,-1.306640625,1
AUTO_SO,이유[본문]기업이,1.12109375,-1.12109375,1
AUTO_SO,누비자[본문]과거,1.115234375,1.115234375,1
AUTO_SO,"생활기술학교,30일까지",1.0357666015625,1.0357666015625,1
AUTO_SO,간,0.890625,-0.890625,1
AUTO_SO,장관57.5억원,0.87890625,0.87890625,1
AUTO_SO,판단하라.[카테고리]SO[제목]동아일보,0.87890625,0.87890625,1
AUTO_SO,적립혜택…쇼핑라이브서도,0.86767578125,-0.86767578125,1
AUTO_SO,공개...백운규,0.73541259765625,0.73541259765625,1
AUTO_SO,판단하라.[카테고리]SO[제목]안산미디어라이브러리,0.716552734375,-0.716552734375,1
AUTO_SO,학부모,0.6953125,-0.6953125,1
AUTO_SO,입시영어,0.6650390625,-0.6650390625,1
AUTO_SO,‘다수’[본문]파주시,0.662841796875,0.662841796875,1
AUTO_SO,"판단하라.[카테고리]SO[제목]경남에너지,",0.6298828125,0.6298828125,1
AUTO_SO,판단하라.[카테고리]SO[제목]한나절,0.5947265625,-0.5947265625,1
AUTO_SO,노제·영결식[본문]충남,0.58544921875,0.58544921875,1
AUTO_SO,판단하라.[카테고리]SO[제목]쏠쏠했던,0.568359375,-0.568359375,1
AUTO_SO,오리엔트,0.568359375,0.568359375,1
AUTO_SO,신설학교,0.564453125,0.564453125,1
AUTO_SO,면한다[본문]앞으로,0.556640625,0.556640625,1
AUTO_SO,"'툭'…\""화나고",0.5320968627929688,0.5320968627929688,1
AUTO_SO,교사,0.498046875,0.498046875,1
AUTO_SO,상여금72만원,0.495849609375,0.495849609375,1
AUTO_SO,판단하라.[카테고리]SO[제목]은퇴세대,0.4853515625,0.4853515625,1
AUTO_SO,김용균,0.4736328125,0.4736328125,1
AUTO_SO,반부패부에,0.4666748046875,0.4666748046875,1
AUTO_SO,산업부,0.4638671875,0.4638671875,1
AUTO_SO,판단하라.[카테고리]SO[제목]전북지역,0.4638671875,0.4638671875,1
AUTO_SO,힘써야”[본문]이재명,0.461669921875,0.461669921875,1
AUTO_SO,"경찰·소방차,",0.4422454833984375,0.4422454833984375,1
AUTO_SO,개최…11월,0.4326019287109375,0.4326019287109375,1
AUTO_SO,없어졌네?[본문]네이버가,0.41387939453125,0.41387939453125,1
AUTO_SO,일요일,0.36328125,0.36328125,1
AUTO_SO,중단[본문]경남지역,0.3583984375,0.3583984375,1
AUTO_SO,방문서비스,0.3544921875,0.3544921875,1
AUTO_SO,"규탄\""[본문]경기도",0.353759765625,0.353759765625,1
AUTO_SO,노홍철…건물7억,0.3489990234375,0.3489990234375,1
AUTO_SO,"말라더라\""[본문]김학의",0.32513427734375,0.32513427734375,1
AUTO_SO,증진에,0.3193359375,0.3193359375,1
AUTO_SO,"불법출금,",0.31103515625,0.31103515625,1
AUTO_SO,한복판서,0.30712890625,-0.30712890625,1
AUTO_SO,위장한,0.299072265625,-0.299072265625,1
AUTO_SO,토·일요일[본문]코로나19로,0.290374755859375,0.290374755859375,1
AUTO_SO,아시아를,0.2899169921875,0.2899169921875,1
AUTO_SO,"대학생들,",0.284912109375,-0.284912109375,1
DIRECT_EC,최초?[본문]한국기초과학지원연구원과,1.73974609375,1.73974609375,1
DIRECT_EC,낮은,1.6484375,1.6484375,1
DIRECT_EC,언제쯤?[본문]세종시,1.6396484375,1.6396484375,1
DIRECT_EC,짓는다더니...,1.48046875,1.48046875,1
DIRECT_EC,이것은?[본문]국내에,1.416015625,1.416015625,1
DIRECT_EC,사용될,1.296875,-1.296875,1
DIRECT_EC,오지고,1.2421875,1.2421875,1
DIRECT_EC,신박한,1.14892578125,-1.14892578125,1
DIRECT_EC,회사'는?[본문]KG그룹이,1.10552978515625,1.10552978515625,1
DIRECT_EC,판단하라.[카테고리]EC[제목]한국자산관리공사.,1.097412109375,1.097412109375,1
DIRECT_EC,기업체들은,1.00390625,1.00390625,1
DIRECT_EC,"판단하라.[카테고리]EC[제목]콕콕114-KB국민카드,",0.9942626953125,0.9942626953125,1
DIRECT_EC,분양,0.9296875,0.9296875,1
DIRECT_EC,쏟아진다…,0.9111328125,-0.9111328125,1
DIRECT_EC,이어지나?[본문]“내년도,0.900390625,0.900390625,1
DIRECT_EC,이유는?[본문]보상률31%,0.899169921875,0.899169921875,1
DIRECT_EC,근로장려금,0.89501953125,-0.89501953125,1
DIRECT_EC,"판단하라.[카테고리]EC[제목]미스터피자,",0.8857421875,0.8857421875,1
DIRECT_EC,KFC에,0.869140625,0.869140625,1
DIRECT_EC,어떤,0.828125,0.828125,1
DIRECT_EC,언제까지,0.82421875,-0.82421875,1
DIRECT_EC,포함됐다는데[본문]한국자산관리공사(캠코)는,0.7425384521484375,0.7425384521484375,1
DIRECT_EC,판단하라.[카테고리]EC[제목]1억1000만년,0.736328125,0.736328125,1
DIRECT_EC,전용상품,0.7236328125,-0.7236328125,1
DIRECT_EC,판단하라.[카테고리]EC[제목]불확실성,0.722900390625,0.722900390625,1
DIRECT_EC,공개되는,0.7177734375,0.7177734375,1
DIRECT_EC,판단하라.[카테고리]EC[제목]하림,0.716796875,0.716796875,1
DIRECT_EC,판단하라.[카테고리]EC[제목]상조업체,0.716796875,0.716796875,1
DIRECT_EC,서비스는?[본문]삼성카드는,0.685546875,0.685546875,1
DIRECT_EC,시기는,0.63671875,0.63671875,1
DIRECT_EC,출시...고객이,0.62646484375,-0.62646484375,1
DIRECT_EC,판단하라.[카테고리]EC[제목]대전·세종,0.6240234375,0.6240234375,1
DIRECT_EC,"판단하라.[카테고리]EC[제목]GRAST,",0.62109375,-0.62109375,1
DIRECT_EC,영향을?[본문]지난해,0.6156005859375,0.6156005859375,1
DIRECT_EC,"예정,",0.613037109375,-0.613037109375,1
DIRECT_EC,부족한,0.609375,0.609375,1
DIRECT_EC,인수한,0.6015625,0.6015625,1
DIRECT_EC,동ㆍ주택형,0.57568359375,-0.57568359375,1
DIRECT_EC,'이,0.5693359375,0.5693359375,1
DIRECT_EC,"이어1,450억원에",0.5625,0.5625,1
DIRECT_EC,"판단하라.[카테고리]EC[제목]한결요양원,",0.56201171875,-0.56201171875,1
DIRECT_EC,대부·매각...,0.55419921875,0.55419921875,1
DIRECT_EC,역대,0.54296875,-0.54296875,1
DIRECT_EC,각광[본문]고령인구가,0.5406494140625,-0.5406494140625,1
DIRECT_EC,드러나나[본문]검찰이,0.538330078125,-0.538330078125,1
DIRECT_EC,확대,0.53515625,-0.53515625,1
DIRECT_EC,지났나…추석,0.52880859375,-0.52880859375,1
DIRECT_EC,내역이,0.5263671875,0.5263671875,1
DIRECT_EC,판단하라.[카테고리]EC[제목]세종시,0.515625,0.515625,1
DIRECT_EC,불황에,0.508056640625,0.508056640625,1
DIRECT_ET,사연은?[본문]걸그룹,2.0863189697265625,2.0863189697265625,1
DIRECT_ET,비교해보니?[본문]박소담,1.81396484375,1.81396484375,1
DIRECT_ET,"판단하라.[카테고리]ET[제목]'알고있지만,'",1.6875,-1.6875,1
DIRECT_ET,"판단하라.[카테고리]ET[제목]홍석천,",1.556396484375,1.556396484375,1
DIRECT_ET,도플갱어,1.19921875,-1.19921875,1
DIRECT_ET,비하인드,1.1953125,1.1953125,1
DIRECT_ET,"신소율,",1.173095703125,1.173095703125,1
DIRECT_ET,판단하라.[카테고리]ET[제목]정소민,1.1650390625,-1.1650390625,1
DIRECT_ET,팔기?[본문]'언프리티,1.1312255859375,1.1312255859375,1
DIRECT_ET,데이트가,1.1201171875,-1.1201171875,1
DIRECT_ET,판단하라.[카테고리]ET[제목]프로답게,0.9765625,0.9765625,1
DIRECT_ET,판단하라.[카테고리]ET[제목]구별,0.9453125,-0.9453125,1
DIRECT_ET,작가도?[본문]네이버웹툰,0.88720703125,0.88720703125,1
DIRECT_ET,"‘셀럽파이브’,",0.8828125,-0.8828125,1
DIRECT_ET,날짜는?[본문]트와이스가,0.8800048828125,0.8800048828125,1
DIRECT_ET,헌팅을,0.8759765625,0.8759765625,1
DIRECT_ET,비밀스러운,0.8359375,0.8359375,1
DIRECT_ET,Feels’(더,0.81396484375,-0.81396484375,1
DIRECT_ET,과거에,0.75390625,0.75390625,1
DIRECT_ET,세,0.75,0.75,1
DIRECT_ET,원해...,0.740234375,0.740234375,1
DIRECT_ET,올린,0.734375,0.734375,1
DIRECT_ET,크리스탈`,0.734375,-0.734375,1
DIRECT_ET,떠났다[본문]배우,0.7265625,-0.7265625,1
DIRECT_ET,'놀라워'[본문]가수,0.7177734375,-0.7177734375,1
DIRECT_ET,당황한,0.703125,0.703125,1
DIRECT_ET,스타쉽의,0.70068359375,0.70068359375,1
DIRECT_ET,안가는,0.69921875,0.69921875,1
DIRECT_ET,"이용녀,",0.690673828125,-0.690673828125,1
DIRECT_ET,"'버가부',",0.6806640625,-0.6806640625,1
DIRECT_ET,판단하라.[카테고리]ET[제목]'언프리티,0.67333984375,0.67333984375,1
DIRECT_ET,방향은?[본문]가수,0.6705322265625,-0.6705322265625,1
DIRECT_ET,화제인,0.666015625,-0.666015625,1
DIRECT_ET,코리아'에서,0.600341796875,-0.600341796875,1
DIRECT_ET,해명,0.5703125,-0.5703125,1
DIRECT_ET,컴백,0.56640625,0.56640625,1
DIRECT_ET,커트머리,0.556640625,0.556640625,1
DIRECT_ET,전후가,0.537109375,0.537109375,1
DIRECT_ET,♥고소영에,0.536865234375,-0.536865234375,1
DIRECT_ET,"BTS,2021년",0.5341796875,-0.5341796875,1
DIRECT_ET,출연...,0.52734375,0.52734375,1
DIRECT_ET,시어는?[본문]원제,0.527099609375,0.527099609375,1
DIRECT_ET,그,0.5234375,0.5234375,1
DIRECT_ET,판단하라.[카테고리]ET[제목]걸그룹,0.515625,0.515625,1
DIRECT_ET,판단하라.[카테고리]ET[제목]섹시한,0.5126953125,0.5126953125,1
DIRECT_ET,"자\""[본문]나인뮤지스",0.5089111328125,-0.5089111328125,1
DIRECT_ET,"비법…\""다리",0.5019683837890625,-0.5019683837890625,1
DIRECT_ET,"필스),",0.49169921875,-0.49169921875,1
DIRECT_ET,입원…무슨,0.480712890625,-0.480712890625,1
DIRECT_ET,평범한,0.48046875,0.48046875,1
DIRECT_GB,죽어나나?[본문]국제유가가4거래일,2.92236328125,-2.92236328125,1
DIRECT_GB,남아의,2.4453125,2.4453125,1
DIRECT_GB,밝혀…[본문]미국이,2.29638671875,2.29638671875,1
DIRECT_GB,판단하라.[카테고리]GB[제목]CCTV에,1.8798828125,1.8798828125,1
DIRECT_GB,잡힌18개월,1.86474609375,-1.86474609375,1
DIRECT_GB,박살나다[본문]북한이,1.85455322265625,-1.85455322265625,1
DIRECT_GB,던져[본문]미국의,1.6943359375,1.6943359375,1
DIRECT_GB,행동...,1.509765625,-1.509765625,1
DIRECT_GB,주가가,1.5078125,-1.5078125,1
DIRECT_GB,'이것',1.33880615234375,1.24713134765625,2
DIRECT_GB,협정에,1.2265625,1.2265625,1
DIRECT_GB,누나에게,1.22265625,1.22265625,1
DIRECT_GB,최고,1.171875,1.171875,1
DIRECT_GB,반대로,1.15625,1.15625,1
DIRECT_GB,판단하라.[카테고리]GB[제목]전날보다1.86%하락...,1.106689453125,1.106689453125,1
DIRECT_GB,美경제성장률은,1.099609375,1.099609375,1
DIRECT_GB,소용...,0.989990234375,0.989990234375,1
DIRECT_GB,주가,0.95703125,0.95703125,1
DIRECT_GB,호재,0.92578125,0.92578125,1
DIRECT_GB,"외무장관,",0.896484375,0.896484375,1
DIRECT_GB,판단하라.[카테고리]GB[제목]리비안·루시드,0.89208984375,-0.89208984375,1
DIRECT_GB,무슨,0.80078125,-0.80078125,1
DIRECT_GB,판단하라.[카테고리]GB[제목]여객기,0.7724609375,0.7724609375,1
DIRECT_GB,년을,0.765625,0.765625,1
DIRECT_GB,된,0.75,0.75,1
DIRECT_GB,유가,0.75,-0.75,1
DIRECT_GB,쿠데타?...,0.708984375,-0.708984375,1
DIRECT_GB,강화하겠다,0.6962890625,0.6962890625,1
DIRECT_GB,어떤,0.6953125,0.6953125,1
DIRECT_GB,"수준,",0.68951416015625,0.68951416015625,1
DIRECT_GB,합의가,0.6796875,0.6796875,1
DIRECT_GB,판단하라.[카테고리]GB[제목]'이곳',0.67578125,0.67578125,1
DIRECT_GB,여론조사서,0.650390625,0.650390625,1
DIRECT_GB,성공…6명,0.637939453125,0.637939453125,1
DIRECT_GB,선출되나?,0.6376953125,0.6376953125,1
DIRECT_GB,한계...,0.625,0.625,1
DIRECT_GB,규모는,0.62109375,0.62109375,1
DIRECT_GB,작품?[본문]일본,0.61669921875,0.61669921875,1
DIRECT_GB,코로나19,0.615234375,0.615234375,1
DIRECT_GB,않은,0.609375,0.609375,1
DIRECT_GB,판단하라.[카테고리]GB[제목]코로나193차,0.5853271484375,0.5853271484375,1
DIRECT_GB,판단하라.[카테고리]GB[제목]'베이조스',0.57958984375,-0.57958984375,1
DIRECT_GB,유럽은,0.578125,0.578125,1
DIRECT_GB,'넘사벽'으로,0.565185546875,0.565185546875,1
DIRECT_GB,이유는?[본문]미국,0.5517578125,0.5517578125,1
DIRECT_GB,판단하라.[카테고리]GB[제목]카시스,0.5498046875,0.5498046875,1
DIRECT_GB,"판단하라.[카테고리]GB[제목]정호연·마동석,",0.536376953125,0.536376953125,1
DIRECT_GB,'킹속의,0.534423828125,-0.534423828125,1
DIRECT_GB,판단하라.[카테고리]GB[제목]현대글로비스,0.505859375,0.505859375,1
DIRECT_GB,돈,0.50390625,-0.50390625,1
DIRECT_IS,끊어지나…,1.6416015625,-1.6416015625,1
DIRECT_IS,명줄,1.181640625,-1.181640625,1
DIRECT_IS,선보인,1.1640625,1.1640625,1
DIRECT_IS,"'에어팟3',",1.14111328125,-1.14111328125,1
DIRECT_IS,곳에서,1.0625,-1.0625,1
DIRECT_IS,"판단하라.[카테고리]IS[제목]한국수력원자력,",1.017578125,-1.017578125,1
DIRECT_IS,"판단하라.[카테고리]IS[제목]한컴,1Q",1.001220703125,1.001220703125,1
DIRECT_IS,결합한,0.9765625,0.9765625,1
DIRECT_IS,적극적으로,0.97265625,0.97265625,1
DIRECT_IS,기업은?[본문]중국,0.9029541015625,0.9029541015625,1
DIRECT_IS,"입법`?[본문]\""수술대",0.8931884765625,0.8931884765625,1
DIRECT_IS,`과잉,0.8671875,0.8671875,1
DIRECT_IS,속수무책?[본문]해커에,0.8522720336914062,0.8522720336914062,1
DIRECT_IS,"모델,",0.83203125,-0.83203125,1
DIRECT_IS,소비자가,0.828125,0.828125,1
DIRECT_IS,'CE차이나',0.814300537109375,0.814300537109375,1
DIRECT_IS,"판단하라.[카테고리]IS[제목]선데이토즈,2Q",0.75146484375,-0.75146484375,1
DIRECT_IS,스마트홈,0.721435546875,0.721435546875,1
DIRECT_IS,이재용,0.7109375,-0.7109375,1
DIRECT_IS,탐방기···,0.6905517578125,0.6905517578125,1
DIRECT_IS,만든다고?[본문]삼성전자는,0.674560546875,0.674560546875,1
DIRECT_IS,렉스턴,0.65234375,0.65234375,1
DIRECT_IS,되나?[본문]새해부터,0.625823974609375,0.625823974609375,1
DIRECT_IS,수도꼭지·변기,0.62109375,-0.62109375,1
DIRECT_IS,B2B·B2C,0.599365234375,-0.599365234375,1
DIRECT_IS,대책,0.58203125,-0.58203125,1
DIRECT_IS,규제는,0.5693359375,-0.5693359375,1
DIRECT_IS,판단하라.[카테고리]IS[제목]강화된,0.55859375,-0.55859375,1
DIRECT_IS,무성한,0.546875,0.546875,1
DIRECT_IS,출시...,0.51220703125,0.51220703125,1
DIRECT_IS,기대...,0.50537109375,0.50537109375,1
DIRECT_IS,북유럽서도,0.500244140625,0.500244140625,1
DIRECT_IS,미세먼지·친환경,0.4990234375,-0.4990234375,1
DIRECT_IS,원하는,0.498046875,0.498046875,1
DIRECT_IS,"전년비23%↑…\""경영",0.488525390625,0.488525390625,1
DIRECT_IS,'눈길'[본문]지난8일(현지시간),0.48681640625,-0.48681640625,1
DIRECT_IS,후원사,0.48193359375,-0.48193359375,1
DIRECT_IS,출시한,0.48046875,0.48046875,1
DIRECT_IS,확인한다[본문]SK텔레콤이,0.4757080078125,-0.4757080078125,1
DIRECT_IS,공략,0.47265625,-0.47265625,1
DIRECT_IS,쓴다[본문]해외에서도,0.4658203125,-0.4658203125,1
DIRECT_IS,갤럭시,0.45703125,-0.45703125,1
DIRECT_IS,IoT와,0.4541015625,-0.4541015625,1
DIRECT_IS,제공[본문]LG유플러스는,0.44451904296875,-0.44451904296875,1
DIRECT_IS,마힌드라,0.4423828125,0.4423828125,1
DIRECT_IS,'시강'[본문]애플,0.43896484375,-0.43896484375,1
DIRECT_IS,판단하라.[카테고리]IS[제목]삼성전자,0.431640625,0.431640625,1
DIRECT_IS,"판단하라.[카테고리]IS[제목]LG유플러스,",0.43017578125,0.43017578125,1
DIRECT_IS,현장점검[본문]최양희,0.4189453125,-0.4189453125,1
DIRECT_IS,판단하라.[카테고리]IS[제목]플랫폼,0.412109375,-0.412109375,1
DIRECT_LC,음악가,3.02734375,3.02734375,1
DIRECT_LC,어디길래?[본문]한정식의,2.69482421875,2.69482421875,1
DIRECT_LC,'로고'...,2.37890625,2.37890625,1
DIRECT_LC,높다는데...[본문]최근,2.145263671875,2.145263671875,1
DIRECT_LC,트렌드는?[본문]올봄,2.11328125,2.11328125,1
DIRECT_LC,살아남은,1.90625,1.90625,1
DIRECT_LC,아스피린의,1.728515625,1.728515625,1
DIRECT_LC,발가벗긴,1.650390625,-1.650390625,1
DIRECT_LC,'큰집'···,1.60205078125,1.60205078125,1
DIRECT_LC,불러온,1.591796875,1.591796875,1
DIRECT_LC,발언에,1.5859375,1.5859375,1
DIRECT_LC,판단하라.[카테고리]LC[제목]『오락가락,1.435546875,-1.435546875,1
DIRECT_LC,혜택은?[본문]모든,1.4306640625,1.4306640625,1
DIRECT_LC,판단하라.[카테고리]LC[제목]아우슈비츠서,1.41259765625,1.41259765625,1
DIRECT_LC,칸트의,1.2333984375,1.2333984375,1
DIRECT_LC,판단하라.[카테고리]LC[제목]진통,1.23046875,1.23046875,1
DIRECT_LC,독자들,1.189453125,1.189453125,1
DIRECT_LC,판단하라.[카테고리]LC[제목]`남성만의,1.1865234375,1.1865234375,1
DIRECT_LC,의약분업,1.130859375,1.130859375,1
DIRECT_LC,얼굴은?[본문]진통제로,1.13037109375,1.13037109375,1
DIRECT_LC,믿을,1.109375,1.109375,1
DIRECT_LC,저술서,1.0908203125,1.0908203125,1
DIRECT_LC,문화’1위는?[본문]한국,1.03125,1.03125,1
DIRECT_LC,판단하라.[카테고리]LC[제목]'눈먼,1.021484375,1.021484375,1
DIRECT_LC,판단하라.[카테고리]LC[제목]페트병으로,1.021484375,-1.021484375,1
DIRECT_LC,기술수출까지...,1.0087890625,1.0087890625,1
DIRECT_LC,아찔하고,0.99609375,-0.99609375,1
DIRECT_LC,녹즙기,0.9833984375,-0.9833984375,1
DIRECT_LC,보니...[본문](자료사진=중앙포토),0.9169921875,0.9169921875,1
DIRECT_LC,욕심일까요?[본문]매에는,0.908203125,0.908203125,1
DIRECT_LC,반격을,0.90625,0.90625,1
DIRECT_LC,관능적인,0.859375,-0.859375,1
DIRECT_LC,보니?[본문]재폐업,0.853271484375,0.853271484375,1
DIRECT_LC,코로나19,0.8525390625,0.8525390625,1
DIRECT_LC,정보화'에,0.837890625,0.837890625,1
DIRECT_LC,`나비`…,0.8134765625,-0.8134765625,1
DIRECT_LC,만들어진,0.80859375,0.80859375,1
DIRECT_LC,알았던,0.79296875,0.79296875,1
DIRECT_LC,DDR이,0.73046875,0.73046875,1
DIRECT_LC,"보니?[본문]아이야,",0.7000732421875,0.7000732421875,1
DIRECT_LC,스테인리스로,0.69921875,0.69921875,1
DIRECT_LC,놀라고,0.67578125,0.67578125,1
DIRECT_LC,전파력,0.63671875,0.63671875,1
DIRECT_LC,판단하라.[카테고리]LC[제목]그림책,0.62109375,0.62109375,1
DIRECT_LC,판단하라.[카테고리]LC[제목]올봄,0.607421875,0.607421875,1
DIRECT_LC,충격[본문]두뇌는,0.585205078125,0.585205078125,1
DIRECT_LC,우현학술상,0.552734375,-0.552734375,1
DIRECT_LC,일제의,0.53125,0.53125,1
DIRECT_LC,인간으로'[본문]21세기는,0.5263671875,-0.5263671875,1
DIRECT_LC,부품,0.478515625,0.478515625,1
DIRECT_PO,입장은?[본문]권영세,1.7033538818359375,-1.7033538818359375,1
DIRECT_PO,의원이,1.609375,-1.609375,1
DIRECT_PO,"\""대통령이",1.2158203125,-1.2158203125,1
DIRECT_PO,논란에,1.1015625,1.1015625,1
DIRECT_PO,"""전설로",1.0927734375,1.0927734375,1
DIRECT_PO,윤석열35%…정권교체론48%,1.03515625,1.03515625,1
DIRECT_PO,정유라가,1.025390625,-1.025390625,1
DIRECT_PO,체포동의안,0.98046875,0.98046875,1
DIRECT_PO,법카,0.888671875,0.888671875,1
DIRECT_PO,권영세의,0.87109375,0.87109375,1
DIRECT_PO,원내수석부대표로,0.8486328125,-0.8486328125,1
DIRECT_PO,최순실의,0.8212890625,-0.8212890625,1
DIRECT_PO,판단하라.[카테고리]PO[제목]여당-정부의,0.7333984375,0.7333984375,1
DIRECT_PO,판단하라.[카테고리]PO[제목]이재명32%,0.67529296875,-0.67529296875,1
DIRECT_PO,"\""역겹다\""[본문]미국",0.666778564453125,0.666778564453125,1
DIRECT_PO,‘가세연'에,0.591552734375,-0.591552734375,1
DIRECT_PO,판단하라.[카테고리]PO[제목]박영선,0.5908203125,0.5908203125,1
DIRECT_PO,판단하라.[카테고리]PO[제목]실언으로,0.58984375,-0.58984375,1
DIRECT_PO,`닥눈삼`중인,0.576171875,0.576171875,1
DIRECT_PO,"주도···\""18일까지",0.575927734375,-0.575927734375,1
DIRECT_PO,부결?,0.5751953125,0.5751953125,1
DIRECT_PO,펜스,0.5634765625,0.5634765625,1
DIRECT_PO,표해,0.55499267578125,-0.55499267578125,1
DIRECT_PO,"가결,",0.541015625,0.541015625,1
DIRECT_PO,"가동…\""긴급대응회의",0.530181884765625,-0.530181884765625,1
DIRECT_PO,전기·수소차,0.526123046875,0.526123046875,1
DIRECT_PO,판단하라.[카테고리]PO[제목]이상직,0.478515625,-0.478515625,1
DIRECT_PO,"비례연합,",0.47705078125,0.47705078125,1
DIRECT_PO,유감”[본문]스가,0.47589111328125,0.47589111328125,1
DIRECT_PO,김종인의,0.46807861328125,-0.46807861328125,1
DIRECT_PO,은밀히,0.458984375,-0.458984375,1
DIRECT_PO,추경호,0.45703125,-0.45703125,1
DIRECT_PO,판단하라.[카테고리]PO[제목]조국·박원순,0.452880859375,0.452880859375,1
DIRECT_PO,장군에,0.4453125,-0.4453125,1
DIRECT_PO,발언...,0.43798828125,0.43798828125,1
DIRECT_PO,이,0.4375,-0.4375,1
DIRECT_PO,했던,0.396484375,-0.396484375,1
DIRECT_PO,비핵화,0.39453125,0.39453125,1
DIRECT_PO,베르사유,0.37841796875,-0.37841796875,1
DIRECT_PO,내라”[본문]“이,0.3740234375,0.3740234375,1
DIRECT_PO,판단하라.[카테고리]PO[제목]美,0.361328125,0.361328125,1
DIRECT_PO,언론중재법…박용진,0.36004638671875,0.36004638671875,1
DIRECT_PO,"옥중편지,",0.352783203125,-0.352783203125,1
DIRECT_PO,��,0.3524169921875,0.0792236328125,2
DIRECT_PO,판단하라.[카테고리]PO[제목]與의,0.3515625,0.3515625,1
DIRECT_PO,"공간으로\""[본문]윤석열",0.3408203125,0.3408203125,1
DIRECT_PO,검찰···이방카,0.339599609375,0.339599609375,1
DIRECT_PO,연다는,0.3330078125,0.3330078125,1
DIRECT_PO,판단하라.[카테고리]PO[제목]상이,0.32421875,0.32421875,1
DIRECT_PO,"거냐""",0.3133392333984375,-0.3133392333984375,1
DIRECT_SO,독려나섰다…,5.36328125,-5.36328125,1
DIRECT_SO,속으로..버스전용차로11월,2.635101318359375,2.635101318359375,1
DIRECT_SO,범죄수익환수과,2.560546875,-2.560546875,1
DIRECT_SO,‘솔릭’,1.52490234375,1.52490234375,1
DIRECT_SO,태풍,1.4140625,1.4140625,1
DIRECT_SO,"판단하라.[카테고리]SO[제목]고양경기문화창조허브,",1.210693359375,1.210693359375,1
DIRECT_SO,돌파[본문]파업,1.168212890625,-1.168212890625,1
DIRECT_SO,지원,1.140625,1.140625,1
DIRECT_SO,기자회장은,1.115234375,1.115234375,1
DIRECT_SO,터져...,1.107421875,1.107421875,1
DIRECT_SO,해고됐던,1.103515625,-1.103515625,1
DIRECT_SO,'화학방제1함',1.1005859375,-1.1005859375,1
DIRECT_SO,연합회에서,1.099609375,1.099609375,1
DIRECT_SO,청년들의,1.0703125,1.0703125,1
DIRECT_SO,투쟁기금,1.0419921875,1.0419921875,1
DIRECT_SO,또다시,1.0234375,1.0234375,1
DIRECT_SO,"노조,",0.930419921875,-0.930419921875,1
DIRECT_SO,오픈한,0.88671875,0.88671875,1
DIRECT_SO,마련,0.8359375,-0.8359375,1
DIRECT_SO,이행시,0.8203125,0.8203125,1
DIRECT_SO,무더기,0.78515625,0.78515625,1
DIRECT_SO,"판단하라.[카테고리]SO[제목]MBC,",0.76953125,0.76953125,1
DIRECT_SO,뉴스·시사,0.7333984375,0.7333984375,1
DIRECT_SO,판단하라.[카테고리]SO[제목]42년,0.73046875,0.73046875,1
DIRECT_SO,주는,0.7265625,0.7265625,1
DIRECT_SO,한남고가,0.7265625,0.7265625,1
DIRECT_SO,판단하라.[카테고리]SO[제목]시사,0.6875,0.6875,1
DIRECT_SO,판단하라.[카테고리]SO[제목]기업들의,0.6484375,0.6484375,1
DIRECT_SO,상',0.6328125,-0.6328125,1
DIRECT_SO,노조집행부-파업,0.62451171875,0.62451171875,1
DIRECT_SO,활동에,0.61328125,-0.61328125,1
DIRECT_SO,"지점,",0.55859375,-0.55859375,1
DIRECT_SO,판단하라.[카테고리]SO[제목]전남,0.5546875,0.5546875,1
DIRECT_SO,수억,0.5537109375,-0.5537109375,1
DIRECT_SO,검사,0.55078125,0.55078125,1
DIRECT_SO,올라와?[본문]지난1일2020,0.541259765625,0.541259765625,1
DIRECT_SO,'전국적',0.5250244140625,-0.5250244140625,1
DIRECT_SO,돌입[본문]광명시는19호,0.513916015625,-0.513916015625,1
DIRECT_SO,줘야,0.490234375,0.490234375,1
DIRECT_SO,한번에,0.48828125,-0.48828125,1
DIRECT_SO,은닉재산,0.482421875,0.482421875,1
DIRECT_SO,배경은?[본문]전남도는,0.480224609375,0.480224609375,1
DIRECT_SO,취역[본문]국내,0.468505859375,-0.468505859375,1
DIRECT_SO,라디오,0.462890625,0.462890625,1
DIRECT_SO,판단하라.[카테고리]SO[제목]검찰,0.455078125,-0.455078125,1
DIRECT_SO,재심으로,0.45263671875,0.45263671875,1
DIRECT_SO,장애인,0.44921875,0.44921875,1
DIRECT_SO,판단하라.[카테고리]SO[제목]불방,0.43359375,0.43359375,1
DIRECT_SO,급락으로,0.431640625,-0.431640625,1
DIRECT_SO,청년,0.42578125,0.42578125,1
